loc,lastmod,changefreq,priority
daily,2021-02-03,https://www.schools.com/,1.0
0.9,daily,2021-02-03,https://www.schools.com/online-colleges/south-carolina
daily,https://www.schools.com/online-colleges/west-virginia,2021-02-03,0.9
https://www.schools.com/programs/information-systems-security,0.9,daily,2021-02-03
0.9,daily,2021-02-03,https://www.schools.com/programs/accounting
https://www.schools.com/online-colleges/michigan,daily,2021-02-03,0.9
0.9,daily,2021-02-03,https://www.schools.com/espanol/cursos-de-diseno-grafico.html
0.9,daily,2021-02-03,https://www.schools.com/online-colleges/south-dakota
0.9,daily,2021-02-03,https://www.schools.com/schools-database
0.9,daily,2021-02-03,https://www.schools.com/programs/child-development
0.9,daily,https://www.schools.com/online-colleges/new-hampshire,2021-02-03
0.9,daily,2021-02-03,https://www.schools.com/programs/web-multimedia-design
0.9,daily,2021-02-03,https://www.schools.com/programs/organizational-psychology
0.9,daily,2021-02-03,https://www.schools.com/programs/nursing
0.9,daily,2021-02-03,https://www.schools.com/programs/baking-pastry
0.9,daily,2021-02-03,https://www.schools.com/programs/criminal-justice
0.9,daily,https://www.schools.com/research,2021-02-03
0.9,daily,2021-02-03,https://www.schools.com/online-colleges/oklahoma
0.9,daily,2021-02-03,https://www.schools.com/online-colleges/nevada
0.9,daily,2021-02-03,https://www.schools.com/espanol/cursos-en-sonografa.html
0.9,daily,2021-02-03,https://www.schools.com/espanol/cursos-de-asistente-legal-y-paralegal.html
0.9,daily,2021-02-03,https://www.schools.com/programs/public-health
0.9,daily,2021-02-03,https://www.schools.com/programs/hospitality
daily,https://www.schools.com/online-colleges/indiana,2021-02-03,0.9
0.9,daily,https://www.schools.com/online-colleges/colorado,2021-02-03
daily,https://www.schools.com/online-colleges/north-carolina,2021-02-03,0.9
0.9,daily,2021-02-03,https://www.schools.com/programs/psychology
0.9,daily,2021-02-03,https://www.schools.com/programs/health-care
daily,https://www.schools.com/online-colleges/new-york,2021-02-03,0.9
0.9,daily,2021-02-03,https://www.schools.com/online-colleges/district-of-columbia
https://www.schools.com/programs/human-resources,daily,2021-02-03,0.9
daily,https://www.schools.com/espanol/cursos-de-ayudante-medico.html,2021-02-03,0.9
https://www.schools.com/programs/law-enforcement,daily,2021-02-03,0.9
0.9,daily,2021-02-03,https://www.schools.com/online-colleges/nebraska
0.9,daily,2021-02-03,https://www.schools.com/programs
https://www.schools.com/programs/social-work,0.9,daily,2021-02-03
daily,https://www.schools.com/programs/educational-leadership,2021-02-03,0.9
https://www.schools.com/programs/marketing,daily,2021-02-03,0.9
https://www.schools.com/online-colleges/georgia,0.9,daily,2021-02-03
https://www.schools.com/programs/electrician,daily,2021-02-03,0.9
0.9,daily,2021-02-03,https://www.schools.com/programs/video-game-development
https://www.schools.com/online-colleges/vermont,0.9,daily,2021-02-03
0.9,daily,2021-02-03,https://www.schools.com/programs/political-science
https://www.schools.com/programs/homeland-security,daily,2021-02-03,0.9
daily,https://www.schools.com/programs/fashion-design,2021-02-03,0.9
0.9,daily,https://www.schools.com/programs/plumbing,2021-02-03
0.9,daily,2021-02-03,https://www.schools.com/espanol/cursos-de-tecnico-en-reparacion.html
0.9,daily,2021-02-03,https://www.schools.com/terms-of-service/
0.9,daily,2021-02-03,https://www.schools.com/programs/interior-design
https://www.schools.com/programs/special-education,0.9,daily,2021-02-03
https://www.schools.com/online-colleges/virginia,0.9,daily,2021-02-03
0.9,daily,2021-02-03,https://www.schools.com/online-colleges/delaware
0.9,daily,2021-02-03,https://www.schools.com/programs/cosmetology
0.9,daily,2021-02-03,https://www.schools.com/programs/vocational
0.9,daily,2021-02-03,https://www.schools.com/online-colleges/illinois
0.9,daily,2021-02-03,https://www.schools.com/programs/diagnostic-medical-sonography
0.9,daily,2021-02-03,https://www.schools.com/online-colleges/kentucky
daily,https://www.schools.com/espanol/cursos-de-plomeria.html,2021-02-03,0.9
https://www.schools.com/online-colleges/minnesota,0.9,daily,2021-02-03
daily,https://www.schools.com/financial-aid/how-to-pay-for-college,2021-02-03,0.9
0.9,daily,https://www.schools.com/programs/photography,2021-02-03
0.9,daily,https://www.schools.com/programs/leadership-management,2021-02-03
daily,https://www.schools.com/programs/financial-planning,2021-02-03,0.9
daily,https://www.schools.com/online-colleges/wyoming,2021-02-03,0.9
https://www.schools.com/programs/computer-appliance-repair,0.9,daily,2021-02-03
0.9,daily,https://www.schools.com/online-colleges/maine,2021-02-03
0.9,daily,2021-02-03,https://www.schools.com/programs/business
0.9,daily,2021-02-03,https://www.schools.com/online-colleges/north-dakota
0.9,daily,https://www.schools.com/programs/fire-science,2021-02-03
0.9,daily,2021-02-03,https://www.schools.com/online-colleges/massachusetts
0.9,daily,2021-02-03,https://www.schools.com/online-colleges/arizona
0.9,daily,2021-02-03,https://www.schools.com/programs/veterinary-science
https://www.schools.com/programs/travel-tourism,daily,2021-02-03,0.9
0.9,daily,2021-02-03,https://www.schools.com/programs/counseling
0.9,daily,2021-02-03,https://www.schools.com/espanol/cursos-en-recursos-humanos.html
https://www.schools.com/espanol/cursos-en-marketing.html,daily,2021-02-03,0.9
daily,https://www.schools.com/online-colleges/arkansas,2021-02-03,0.9
0.9,daily,2021-02-03,https://www.schools.com/programs/dental-assistant
daily,https://www.schools.com/programs/k-12-education,2021-02-03,0.9
https://www.schools.com/research/best-christian-colleges,daily,2021-02-03,0.9
https://www.schools.com/espanol/cursos-de-enfermeria.html,0.9,daily,2021-02-03
0.9,daily,https://www.schools.com/online-colleges/oregon,2021-02-03
https://www.schools.com/online-colleges/missouri,daily,2021-02-03,0.9
daily,https://www.schools.com/financial-aid,2021-02-03,0.9
0.9,daily,2021-02-03,https://www.schools.com/online-colleges/alabama
daily,https://www.schools.com/online-colleges/montana,2021-02-03,0.9
daily,https://www.schools.com/espanol/cursos-de-justicia-penal.html,2021-02-03,0.9
0.9,daily,2021-02-03,https://www.schools.com/espanol/cursos-de-diseno-multimedia.html
0.9,daily,2021-02-03,https://www.schools.com/espanol/cursos-de-negocios.html
0.9,daily,2021-02-03,https://www.schools.com/online-colleges/florida
0.9,daily,2021-02-03,https://www.schools.com/espanol/cursos-de-fisioterapia.html
daily,https://www.schools.com/online-colleges/canada,2021-02-03,0.9
0.9,daily,2021-02-03,https://www.schools.com/programs/culinary-arts
https://www.schools.com/programs/mechanical-engineering,0.9,daily,2021-02-03
https://www.schools.com/programs/health-care-administration,0.9,daily,2021-02-03
0.9,daily,https://www.schools.com/programs/engineering,2021-02-03
https://www.schools.com/contact-us/,daily,2021-02-03,0.9
https://www.schools.com/online-colleges/louisiana,daily,2021-02-03,0.9
0.9,daily,2021-02-03,https://www.schools.com/espanol/cursos-de-comunicacion-social.html
0.9,daily,2021-02-03,https://www.schools.com/programs/paralegal
0.9,daily,2021-02-03,https://www.schools.com/online-colleges/tennessee
0.9,daily,2021-02-03,https://www.schools.com/online-colleges/iowa
0.9,daily,2021-02-03,https://www.schools.com/about
daily,https://www.schools.com/espanol/cursos-de-electricista.html,2021-02-03,0.9
0.9,daily,2021-02-03,https://www.schools.com/articles_rss
0.9,daily,2021-02-03,https://www.schools.com/espanol/cursos-de-construccion.html
https://www.schools.com/programs/art-design,0.9,daily,2021-02-03
https://www.schools.com/articles,0.9,daily,2021-02-03
0.9,daily,2021-02-03,https://www.schools.com/community-colleges
daily,https://www.schools.com/programs/computer-programming,2021-02-03,0.9
0.9,daily,2021-02-03,https://www.schools.com/espanol/cursos-de-fotografia.html
0.9,daily,2021-02-03,https://www.schools.com/online-colleges/idaho
https://www.schools.com/espanol/cursos-de-ingenieria-en-computacion-y-software.html,0.9,daily,2021-02-03
0.9,daily,2021-02-03,https://www.schools.com/online-colleges
https://www.schools.com/programs/early-childhood-education,0.9,daily,2021-02-03
https://www.schools.com/online-colleges/new-mexico,daily,2021-02-03,0.9
https://www.schools.com/programs/finance,daily,2021-02-03,0.9
0.9,daily,2021-02-03,https://www.schools.com/programs/sports-management
0.9,daily,2021-02-03,https://www.schools.com/espanol/cursos-de-cosmetologia.html
0.9,daily,https://www.schools.com/degrees,2021-02-03
0.9,daily,https://www.schools.com/espanol/cursos-de-servicios-de-asistencia-social.html,2021-02-03
0.9,daily,2021-02-03,https://www.schools.com/programs/medical-billing-and-coding
0.9,daily,2021-02-03,https://www.schools.com/programs/crime-scene-forensics
0.9,daily,2021-02-03,https://www.schools.com/espanol/cursos-de-paramedicos-y-emergencias-medicas.html
0.9,daily,2021-02-03,https://www.schools.com/programs/architecture-landscape-design
0.9,daily,2021-02-03,https://www.schools.com/espanol/curso-de-psicologia.html
0.9,daily,2021-02-03,https://www.schools.com/online-colleges/ohio
0.9,daily,https://www.schools.com/programs/education,2021-02-03
0.9,daily,2021-02-03,https://www.schools.com/online-colleges/mississippi
0.9,daily,2021-02-03,https://www.schools.com/online-colleges/hawaii
https://www.schools.com/online-colleges/connecticut,daily,2021-02-03,0.9
0.9,daily,2021-02-03,https://www.schools.com/espanol/cursos-de-desarrollo-web.html
0.9,daily,2021-02-03,https://www.schools.com/research/best-college-towns
0.9,daily,2021-02-03,https://www.schools.com/programs/radiology
https://www.schools.com/online-colleges/utah,0.9,daily,2021-02-03
0.9,daily,2021-02-03,https://www.schools.com/online-colleges/kansas
0.9,daily,2021-02-03,https://www.schools.com/espanol/cursos-de-mecanica-automotriz.html
https://www.schools.com/programs/esl,daily,2021-02-03,0.9
https://www.schools.com/sitemap/,0.9,daily,2021-02-03
0.9,daily,2021-02-03,https://www.schools.com/programs/construction
0.9,daily,2021-02-03,https://www.schools.com/programs/event-planning
https://www.schools.com/careers,0.9,daily,2021-02-03
0.9,daily,2021-02-03,https://www.schools.com/programs/web-development
0.9,daily,2021-02-03,https://www.schools.com/programs/hvac
0.9,daily,2021-02-03,https://www.schools.com/online-colleges/rhode-island
0.9,daily,https://www.schools.com/programs/behavioral-science,2021-02-03
https://www.schools.com/espanol/cursos-de-desarrollo-de-videojuegos.html,daily,2021-02-03,0.9
0.9,daily,2021-02-03,https://www.schools.com/online-colleges/texas
0.9,daily,2021-02-03,https://www.schools.com/programs/business-administration
daily,https://www.schools.com/espanol/cursos-de-ciencias-veterinarias.html,2021-02-03,0.9
0.9,daily,2021-02-03,https://www.schools.com/online-colleges/maryland
0.9,daily,2021-02-03,https://www.schools.com/programs/network-administration
0.9,daily,2021-02-03,https://www.schools.com/programs/animation
https://www.schools.com/programs/forensic-psychology,0.9,daily,2021-02-03
0.9,daily,2021-02-03,https://www.schools.com/espanol/cursos-de-educacion-para-adultos.html
0.9,daily,https://www.schools.com/financial-aid/fafsa-guide,2021-02-03
0.9,daily,2021-02-03,https://www.schools.com/online-colleges/california
daily,https://www.schools.com/programs/information-technology,2021-02-03,0.9
0.9,daily,2021-02-03,https://www.schools.com/programs/conflict-resolution-mediation
0.9,daily,2021-02-03,https://www.schools.com/programs/sociology
0.9,daily,2021-02-03,https://www.schools.com/programs/graphic-design
0.9,daily,2021-02-03,https://www.schools.com/espanol/cursos-de-educacion-temprana.html
https://www.schools.com/programs/international-business,0.9,daily,2021-02-03
0.9,daily,2021-02-03,https://www.schools.com/programs/software-engineering
0.9,daily,2021-02-03,https://www.schools.com/espanol/clases-de-idiomas.html
0.9,daily,2021-02-03,https://www.schools.com/online-colleges/washington
https://www.schools.com/programs/computer-science,0.9,daily,2021-02-03
0.9,daily,https://www.schools.com/programs/massage-therapy,2021-02-03
0.9,daily,2021-02-03,https://www.schools.com/espanol/cursos-para-cuidar-ninos.html
0.9,daily,2021-02-03,https://www.schools.com/programs/medical-assisting
0.9,daily,2021-02-03,https://www.schools.com/online-colleges/alaska
0.9,daily,https://www.schools.com/online-colleges/wisconsin,2021-02-03
daily,https://www.schools.com/programs/auto-mechanic,2021-02-03,0.9
0.9,daily,2021-02-03,https://www.schools.com/espanol/cursos-de-administracion-de-salud.html
daily,https://www.schools.com/online-colleges/pennsylvania,2021-02-03,0.9
https://www.schools.com/online-colleges/new-jersey,0.9,daily,2021-02-03
0.9,daily,2021-02-03,https://www.schools.com/espanol/curso-contabilidad-y-finanzas.html
0.8,daily,2021-02-03,https://www.schools.com/financial-aid/financial-aid-for-private-schools
0.8,daily,2021-02-03,https://www.schools.com/careers/mobile-app-developer
daily,https://www.schools.com/articles/new-foundation-to-improve-safety-of-study-abroad-programs.html,0.8,2021-02-03
0.8,daily,2021-02-03,https://www.schools.com/articles/25-best-small-college-towns
0.8,daily,https://www.schools.com/community-colleges/top-community-colleges-in-south-dakota,2021-02-03
0.8,daily,2021-02-03,https://www.schools.com/financial-aid/scholarship-guide
0.8,daily,https://www.schools.com/community-colleges/top-community-colleges-in-tennessee,2021-02-03
0.8,daily,2021-02-03,https://www.schools.com/careers/school-principal
0.8,daily,2021-02-03,https://www.schools.com/articles/how-to-tour-an-online-college
0.8,daily,2021-02-03,https://www.schools.com/articles/masters-in-management-the-mba-alternative.html
0.8,daily,2021-02-03,https://www.schools.com/careers/accountant
0.8,daily,2021-02-03,https://www.schools.com/articles/on-campus-jobs-that-build-your-resume.html
0.8,daily,https://www.schools.com/programs/office-administration,2021-02-03
0.8,daily,2021-02-03,https://www.schools.com/community-colleges/top-community-colleges-in-wyoming
0.8,daily,2021-02-03,https://www.schools.com/careers/health-care
0.8,daily,2021-02-03,https://www.schools.com/community-colleges/top-community-colleges-in-arkansas
0.8,daily,https://www.schools.com/careers/financial-analyst,2021-02-03
0.8,daily,2021-02-03,https://www.schools.com/careers/graphic-designer
0.8,daily,2021-02-03,https://www.schools.com/careers/certified-public-accountant
0.8,daily,2021-02-03,https://www.schools.com/programs/pharmacy-technician
0.8,daily,2021-02-03,https://www.schools.com/careers/chef
https://www.schools.com/financial-aid/companies-offering-educational-benefits.html,daily,0.8,2021-02-03
https://www.schools.com/articles/the-job-skills-you-need-in-2012.html,daily,0.8,2021-02-03
0.8,daily,2021-02-03,https://www.schools.com/programs/technical-support-repair
0.8,daily,2021-02-03,https://www.schools.com/articles/five-tips-writing-statement-purpose-grad-school.html
https://www.schools.com/articles/surprise-5-real-life-unexpected-college-to-career-journeys.html,daily,0.8,2021-02-03
https://www.schools.com/articles/what-to-expect-while-getting-your-mba,0.8,daily,2021-02-03
0.8,daily,2021-02-03,https://www.schools.com/financial-aid/tax-breaks-for-students
0.8,daily,https://www.schools.com/articles/tuition-reimbursement-what-you-need-know.html,2021-02-03
0.8,daily,2021-02-03,https://www.schools.com/articles/extraordinary-new-york-community-college-degrees
0.8,daily,https://www.schools.com/programs/science,2021-02-03
0.8,daily,2021-02-03,https://www.schools.com/financial-aid/financial-aid-for-veterans
0.8,daily,2021-02-03,https://www.schools.com/careers/hvac-technician
0.8,daily,2021-02-03,https://www.schools.com/careers/veterinary-technician
0.8,daily,2021-02-03,https://www.schools.com/community-colleges/top-community-colleges-in-louisiana
https://www.schools.com/careers/athletic-trainer,0.8,daily,2021-02-03
0.8,daily,https://www.schools.com/espanol/escuelas-de-gastronomia.html,2021-02-03
https://www.schools.com/programs/writing,0.8,daily,2021-02-03
0.8,daily,2021-02-03,https://www.schools.com/careers/addiction-counselor
daily,https://www.schools.com/community-colleges/top-community-colleges-in-new-mexico,0.8,2021-02-03
0.8,daily,2021-02-03,https://www.schools.com/careers/event-planner
0.8,daily,2021-02-03,https://www.schools.com/articles/going-back-at-30
0.8,daily,2021-02-03,https://www.schools.com/community-colleges/top-community-colleges-in-rhode-island
0.8,daily,https://www.schools.com/articles/three-ways-strong-applicant-competitive-schools.html,2021-02-03
0.8,daily,2021-02-03,https://www.schools.com/articles/norcal-vs-socal-education
daily,https://www.schools.com/articles/five-tips-for-balancing-internships-and-school.html,0.8,2021-02-03
0.8,daily,https://www.schools.com/online-colleges/saskatchewan,2021-02-03
0.8,daily,2021-02-03,https://www.schools.com/articles/five-things-you-should-do-during-a-campus-visit.html
daily,https://www.schools.com/careers/juvenile-corrections-officer,0.8,2021-02-03
https://www.schools.com/programs/environmental-science,0.8,daily,2021-02-03
0.8,daily,https://www.schools.com/articles/community-colleges-receive-grants-for-job-training.html,2021-02-03
0.8,daily,https://www.schools.com/articles/baby-boomers-and-online-education,2021-02-03
0.8,daily,2021-02-03,https://www.schools.com/articles/how-to-land-your-dream-summer-internship.html
0.8,daily,2021-02-03,https://www.schools.com/articles/6-expert-tips-for-a-productive-summer-before-college
0.8,daily,2021-02-03,https://www.schools.com/careers/wedding-planner
https://www.schools.com/careers/clinical-psychologist,0.8,daily,2021-02-03
daily,https://www.schools.com/articles/7-jobs-and-majors-for-a-sports-career,0.8,2021-02-03
0.8,daily,https://www.schools.com/articles/5-facts-about-college-students-in-their-30s,2021-02-03
0.8,daily,2021-02-03,https://www.schools.com/community-colleges/top-community-colleges-in-hawaii
0.8,daily,https://www.schools.com/articles/cool-jobs-reference-librarian.html,2021-02-03
0.8,daily,2021-02-03,https://www.schools.com/articles/college-recommendation-letters-tips.html
0.8,daily,2021-02-03,https://www.schools.com/articles/how-to-market-an-online-degree
0.8,daily,2021-02-03,https://www.schools.com/research/best-states-to-repay-student-loans
daily,https://www.schools.com/articles/inside-the-10000-dollar-degree,0.8,2021-02-03
0.8,daily,2021-02-03,https://www.schools.com/careers/instructional-coordinator
https://www.schools.com/community-colleges/top-community-colleges-in-south-carolina,0.8,daily,2021-02-03
https://www.schools.com/articles/going-back-to-college,0.8,daily,2021-02-03
https://www.schools.com/articles/5-perks-of-summer-school-in-college,daily,0.8,2021-02-03
https://www.schools.com/articles/5-smart-money-moves-for-career-changers.html,0.8,daily,2021-02-03
0.8,daily,2021-02-03,https://www.schools.com/articles/college-credits-into-degrees
https://www.schools.com/articles/countdown-to-the-sat.html,0.8,daily,2021-02-03
0.8,daily,2021-02-03,https://www.schools.com/online-colleges/northwest-territories
0.8,daily,2021-02-03,https://www.schools.com/articles/career-toolbox-technical-writing.html
https://www.schools.com/articles/three-misconceptions-about-getting-into-college.html,0.8,daily,2021-02-03
https://www.schools.com/programs/mathematics-statistics,0.8,daily,2021-02-03
0.8,daily,2021-02-03,https://www.schools.com/careers/network-administrator
0.8,daily,2021-02-03,https://www.schools.com/articles/importance-applying-reach-schools.html
0.8,daily,2021-02-03,https://www.schools.com/community-colleges/top-community-colleges-in-minnesota
https://www.schools.com/careers/web-developer,daily,0.8,2021-02-03
0.8,daily,2021-02-03,https://www.schools.com/programs/exercise-sports-science
0.8,daily,2021-02-03,https://www.schools.com/careers/hacker
0.8,daily,2021-02-03,https://www.schools.com/careers/esl-teacher
https://www.schools.com/community-colleges/top-community-colleges-in-north-carolina,0.8,daily,2021-02-03
0.8,daily,2021-02-03,https://www.schools.com/community-colleges/top-community-colleges-in-montana
0.8,daily,2021-02-03,https://www.schools.com/articles/going-to-college-as-an-adult
daily,https://www.schools.com/articles/legal-assistant-resume,0.8,2021-02-03
0.8,daily,2021-02-03,https://www.schools.com/articles/will-my-credits-transfer-out-of-state
https://www.schools.com/careers/counselor,0.8,daily,2021-02-03
0.8,daily,https://www.schools.com/financial-aid/student-loans-101,2021-02-03
0.8,daily,2021-02-03,https://www.schools.com/community-colleges/top-community-colleges-in-nevada
https://www.schools.com/articles/facebook-profile-employers.html,0.8,daily,2021-02-03
0.8,daily,2021-02-03,https://www.schools.com/careers/computer-security-specialist
https://www.schools.com/articles/how-much-does-your-major-matter,0.8,daily,2021-02-03
0.8,daily,2021-02-03,https://www.schools.com/community-colleges/top-community-colleges-in-mississippi
0.8,daily,2021-02-03,https://www.schools.com/community-colleges/top-community-colleges-in-colorado
daily,https://www.schools.com/community-colleges/top-community-colleges-in-washington,0.8,2021-02-03
daily,https://www.schools.com/articles/privacy-sat-act.html,0.8,2021-02-03
0.8,daily,https://www.schools.com/careers/ux-designer,2021-02-03
https://www.schools.com/careers/education-administrator,0.8,daily,2021-02-03
daily,https://www.schools.com/programs/anthropology,0.8,2021-02-03
daily,https://www.schools.com/careers/cardiovascular-technologist,0.8,2021-02-03
daily,https://www.schools.com/articles/5-low-stress-careers-for-2013.html,0.8,2021-02-03
https://www.schools.com/community-colleges/top-community-colleges-in-michigan,daily,0.8,2021-02-03
0.8,daily,https://www.schools.com/programs/ems-paramedic,2021-02-03
0.8,daily,2021-02-03,https://www.schools.com/financial-aid/is-income-based-repayment-helping
0.8,daily,2021-02-03,https://www.schools.com/articles/tips-for-maintaining-your-online-reputation.html
0.8,daily,2021-02-03,https://www.schools.com/articles/science-professors-careers-kids.html
0.8,daily,2021-02-03,https://www.schools.com/careers/forensic-science-technician
0.8,daily,2021-02-03,https://www.schools.com/community-colleges/top-community-colleges-in-utah
0.8,daily,2021-02-03,https://www.schools.com/careers/elementary-school-teacher
https://www.schools.com/articles/could-the-way-you-talk-ruin-your-job-chances.html,0.8,daily,2021-02-03
0.8,daily,2021-02-03,https://www.schools.com/careers/bookkeeper
https://www.schools.com/articles/how-to-beat-the-competition-5-steps-to-land-a-job-out-of-college.html,daily,0.8,2021-02-03
0.8,daily,https://www.schools.com/articles/how-to-advance-your-career,2021-02-03
0.8,daily,2021-02-03,https://www.schools.com/careers/account-manager
0.8,daily,2021-02-03,https://www.schools.com/articles/10-salary-boosting-grad-degrees
0.8,daily,2021-02-03,https://www.schools.com/articles/careers-with-a-two-year-degree
0.8,daily,2021-02-03,https://www.schools.com/articles/five-tips-for-summer-internships
0.8,daily,2021-02-03,https://www.schools.com/careers/veterinarian
0.8,daily,2021-02-03,https://www.schools.com/articles/california-community-college-to-law-school
0.8,daily,2021-02-03,https://www.schools.com/articles/5-ways-to-win-at-your-college-job-fair
https://www.schools.com/degrees/associate,daily,0.8,2021-02-03
https://www.schools.com/articles/how-much-do-college-students-study.html,daily,0.8,2021-02-03
0.8,daily,2021-02-03,https://www.schools.com/articles/5-ways-to-turn-an-internship-into-a-job-offer.html
0.8,daily,2021-02-03,https://www.schools.com/careers/biomedical-engineer
0.8,daily,2021-02-03,https://www.schools.com/articles/careers-for-women
0.8,daily,2021-02-03,https://www.schools.com/articles/psychology-degree-jobs
0.8,daily,2021-02-03,https://www.schools.com/articles/what-women-want-in-the-workplace.html
0.8,daily,https://www.schools.com/articles/religious-studies-degree,2021-02-03
0.8,daily,2021-02-03,https://www.schools.com/articles/5-steps-to-take-if-feeling-underpaid
daily,https://www.schools.com/articles/five-self-discipline-tips-online-students.html,0.8,2021-02-03
https://www.schools.com/articles/three-ways-build-your-resume-college.html,0.8,daily,2021-02-03
0.8,daily,2021-02-03,https://www.schools.com/articles/10-must-see-campuses-for-fall-fanatics
https://www.schools.com/careers/software-developer,daily,0.8,2021-02-03
0.8,daily,https://www.schools.com/online-colleges/yukon,2021-02-03
0.8,daily,https://www.schools.com/programs/liberal-arts,2021-02-03
https://www.schools.com/articles/five-tips-writing-brilliant-college-admissions-essay.html,0.8,daily,2021-02-03
https://www.schools.com/programs/project-management,0.8,daily,2021-02-03
https://www.schools.com/articles/how-to-choose-online-school.html,daily,0.8,2021-02-03
https://www.schools.com/programs/dental-hygienist,daily,0.8,2021-02-03
0.8,daily,https://www.schools.com/articles/ways-to-earn-college-credit,2021-02-03
0.8,daily,2021-02-03,https://www.schools.com/articles/how-to-get-a-job-after-college
0.8,daily,2021-02-03,https://www.schools.com/online-colleges/alberta
https://www.schools.com/degrees/bachelor,daily,0.8,2021-02-03
0.8,daily,2021-02-03,https://www.schools.com/careers/emt
0.8,daily,2021-02-03,https://www.schools.com/community-colleges/top-community-colleges-in-maryland
https://www.schools.com/careers/arson-investigator,0.8,daily,2021-02-03
0.8,daily,https://www.schools.com/programs/philosophy,2021-02-03
0.8,daily,2021-02-03,https://www.schools.com/articles/6-ways-to-maximize-your-summer
https://www.schools.com/articles/how-to-boost-your-career-during-your-mba,daily,0.8,2021-02-03
https://www.schools.com/articles/25-strange-and-unique-college-courses.html,daily,0.8,2021-02-03
0.8,daily,2021-02-03,https://www.schools.com/financial-aid/bang-for-buck-guide-highest-roi-colleges.html
0.8,daily,2021-02-03,https://www.schools.com/articles/best-criminal-justice-careers
0.8,daily,2021-02-03,https://www.schools.com/careers/criminologist
0.8,daily,2021-02-03,https://www.schools.com/online-colleges/quebec
0.8,daily,2021-02-03,https://www.schools.com/careers/game-designer
0.8,daily,2021-02-03,https://www.schools.com/articles/unique-community-college-degrees
https://www.schools.com/articles/citizen-science.html,daily,0.8,2021-02-03
0.8,daily,2021-02-03,https://www.schools.com/community-colleges/top-community-colleges-in-nebraska
0.8,daily,2021-02-03,https://www.schools.com/articles/should-you-take-act-sat.html
https://www.schools.com/articles/15-expert-tips-for-fall-semester,0.8,daily,2021-02-03
0.8,daily,2021-02-03,https://www.schools.com/articles/10-highest-paying-fields-for-college-professors
0.8,daily,2021-02-03,https://www.schools.com/articles/cybersecurity-shortfall.html
0.8,daily,2021-02-03,https://www.schools.com/articles/reasons-to-consider-stem-majors.html
daily,https://www.schools.com/articles/advice-for-nontraditional-students-from-nontraditional-students,0.8,2021-02-03
0.8,daily,2021-02-03,https://www.schools.com/careers/electrical-engineer
0.8,daily,2021-02-03,https://www.schools.com/espanol/clases-de-panaderia-y-pasteleria.html
0.8,daily,https://www.schools.com/articles/how-business-training-helps-entrepreneurs.html,2021-02-03
https://www.schools.com/careers/fashion-designer,0.8,daily,2021-02-03
https://www.schools.com/online-colleges/newfoundland,0.8,daily,2021-02-03
0.8,daily,https://www.schools.com/community-colleges/top-community-colleges-in-new-jersey,2021-02-03
0.8,daily,https://www.schools.com/espanol,2021-02-03
daily,https://www.schools.com/community-colleges/top-community-colleges-in-connecticut,0.8,2021-02-03
0.8,daily,2021-02-03,https://www.schools.com/articles/awesome-college-amenities
0.8,daily,2021-02-03,https://www.schools.com/careers/nursing-assistant
daily,https://www.schools.com/articles/reading-between-the-college-rankings.html,0.8,2021-02-03
https://www.schools.com/degrees/master,0.8,daily,2021-02-03
https://www.schools.com/articles/gen-y-revolutionizing-the-workplace.html,daily,0.8,2021-02-03
0.8,daily,https://www.schools.com/community-colleges/top-community-colleges-in-illinois,2021-02-03
0.8,daily,2021-02-03,https://www.schools.com/careers/crime-scene-investigator
0.8,daily,2021-02-03,https://www.schools.com/careers/police-officer
0.8,daily,https://www.schools.com/articles/imagine-america--2011-ldrship-awards.html,2021-02-03
0.8,daily,2021-02-03,https://www.schools.com/articles/how-to-avoid-student-loan-default
0.8,daily,2021-02-03,https://www.schools.com/community-colleges/top-community-colleges-in-indiana
https://www.schools.com/programs/international-relations,daily,0.8,2021-02-03
0.8,daily,2021-02-03,https://www.schools.com/careers/environmental-science-technician
0.8,daily,2021-02-03,https://www.schools.com/articles/tweeting-your-way-to-a-job.html
0.8,daily,https://www.schools.com/degrees/certificate,2021-02-03
0.8,daily,2021-02-03,https://www.schools.com/articles/three-ways-to-get-your-employer-to-pay-for-college.html
0.8,daily,2021-02-03,https://www.schools.com/articles/legal-apprenticeship-programs
0.8,daily,https://www.schools.com/articles/is-it-wise-to-work-while-in-college.html,2021-02-03
0.8,daily,2021-02-03,https://www.schools.com/community-colleges/top-community-colleges-in-alaska
daily,https://www.schools.com/programs/communication-media,0.8,2021-02-03
0.8,daily,2021-02-03,https://www.schools.com/online-colleges/british-columbia
daily,https://www.schools.com/articles/what-employers-want,0.8,2021-02-03
daily,https://www.schools.com/community-colleges/top-community-colleges-in-massachusetts,0.8,2021-02-03
0.8,daily,2021-02-03,https://www.schools.com/careers/environmental-engineer
0.8,daily,2021-02-03,https://www.schools.com/careers/medical-assistant
0.8,daily,2021-02-03,https://www.schools.com/careers/sonographer
0.8,daily,https://www.schools.com/research/changing-careers-2016,2021-02-03
0.8,daily,https://www.schools.com/community-colleges/top-community-colleges-in-maine,2021-02-03
https://www.schools.com/articles/5-tips-for-returning-to-school-as-an-adult-student.html,daily,0.8,2021-02-03
0.8,daily,2021-02-03,https://www.schools.com/articles/doe-announces-second-round-of-grants-for-innovation-in-education.html
https://www.schools.com/articles/five-new-degree-programs,daily,0.8,2021-02-03
0.8,daily,2021-02-03,https://www.schools.com/articles/how-to-get-into-college-as-a-b-student
https://www.schools.com/careers/dental-hygienist,daily,0.8,2021-02-03
daily,https://www.schools.com/programs/occupational-therapy,0.8,2021-02-03
daily,https://www.schools.com/careers/contract-administrator,0.8,2021-02-03
0.8,daily,2021-02-03,https://www.schools.com/articles/how-to-succeed-in-college
0.8,daily,2021-02-03,https://www.schools.com/careers/anthropologist-archaeologist
0.8,daily,https://www.schools.com/programs/biotechnology,2021-02-03
https://www.schools.com/programs/chemistry,daily,0.8,2021-02-03
0.8,daily,2021-02-03,https://www.schools.com/community-colleges/top-community-colleges-in-delaware
0.8,daily,2021-02-03,https://www.schools.com/articles/top-employers-entry-level-grads.html
0.8,daily,2021-02-03,https://www.schools.com/careers/forensic-psychologist
https://www.schools.com/financial-aid/how-to-compare-student-loans.html,0.8,daily,2021-02-03
daily,https://www.schools.com/community-colleges/top-community-colleges-in-oregon,0.8,2021-02-03
0.8,daily,2021-02-03,https://www.schools.com/articles/how-to-find-quality-internship.html
0.8,daily,https://www.schools.com/community-colleges/top-community-colleges-in-oklahoma,2021-02-03
0.8,daily,https://www.schools.com/community-colleges/top-community-colleges-in-arizona,2021-02-03
https://www.schools.com/programs/religious-studies,daily,0.8,2021-02-03
0.8,daily,https://www.schools.com/articles/how-to-survive-your-college-admissions-interview.html,2021-02-03
0.8,daily,2021-02-03,https://www.schools.com/online-colleges/new-brunswick
0.8,daily,2021-02-03,https://www.schools.com/articles/are-virtual-internships-the-way-to-go.html
0.8,daily,2021-02-03,https://www.schools.com/articles/useful-mobile-apps-online-college-students.html
0.8,daily,2021-02-03,https://www.schools.com/careers/sports-psychologist
https://www.schools.com/careers/medical-coder,daily,0.8,2021-02-03
0.8,daily,2021-02-03,https://www.schools.com/careers/psychiatrist
0.8,daily,2021-02-03,https://www.schools.com/careers/middle-school-teacher
https://www.schools.com/articles/college-for-nontraditional-students,0.8,daily,2021-02-03
https://www.schools.com/articles/how-to-go-back-to-college-at-40,daily,0.8,2021-02-03
https://www.schools.com/articles/how-to-choose-a-hybrid-degree-program.html,0.8,daily,2021-02-03
0.8,daily,2021-02-03,https://www.schools.com/online-colleges/ontario
0.8,daily,2021-02-03,https://www.schools.com/community-colleges/top-community-colleges-in-idaho
0.8,daily,2021-02-03,https://www.schools.com/articles/community-colleges-that-offer-bachelors-degrees
daily,https://www.schools.com/articles/10-incredibly-beautiful-college-campuses,0.8,2021-02-03
https://www.schools.com/articles/how-to-change-careers,0.8,daily,2021-02-03
daily,https://www.schools.com/articles/what-drives-college-admissions-decisions.html,0.8,2021-02-03
https://www.schools.com/community-colleges/top-community-colleges-in-north-dakota,daily,0.8,2021-02-03
0.8,daily,https://www.schools.com/articles/research-resources-for-online-students,2021-02-03
0.8,daily,2021-02-03,https://www.schools.com/articles/government-summer-internships
https://www.schools.com/online-colleges/manitoba,0.8,daily,2021-02-03
0.8,daily,2021-02-03,https://www.schools.com/careers/college-professor
0.8,daily,2021-02-03,https://www.schools.com/community-colleges/top-community-colleges-in-vermont
0.8,daily,2021-02-03,https://www.schools.com/careers/firefighter
0.8,daily,https://www.schools.com/articles/goodbye-mystery-meat-5-top-food-schools.html,2021-02-03
daily,https://www.schools.com/online-colleges/prince-edward-island,0.8,2021-02-03
0.8,daily,https://www.schools.com/programs/history,2021-02-03
0.8,daily,2021-02-03,https://www.schools.com/articles/10-colleges-for-free-spirits
0.8,daily,2021-02-03,https://www.schools.com/articles/college-for-moms
0.8,daily,https://www.schools.com/articles/bachelors-degree-not-required-health-care-jobs-with-associate-degree-or-less.html,2021-02-03
0.8,daily,2021-02-03,https://www.schools.com/degrees/doctorate
daily,https://www.schools.com/community-colleges/top-community-colleges-in-ohio,0.8,2021-02-03
0.8,daily,https://www.schools.com/community-colleges/top-community-colleges-in-alabama,2021-02-03
https://www.schools.com/articles/job-retraining.html,daily,0.8,2021-02-03
0.8,daily,https://www.schools.com/careers/food-service-manager,2021-02-03
0.8,daily,2021-02-03,https://www.schools.com/community-colleges/top-community-colleges-in-new-hampshire
0.8,daily,2021-02-03,https://www.schools.com/online-colleges/nova-scotia
daily,https://www.schools.com/articles/5-initiatives-that-can-help-grads-get-jobs-after-college,0.8,2021-02-03
0.8,daily,https://www.schools.com/careers/registered-nurse,2021-02-03
0.8,daily,2021-02-03,https://www.schools.com/articles/create-your-own-community-online-study-group.html
0.8,daily,https://www.schools.com/articles/get-a-job-after-college,2021-02-03
https://www.schools.com/careers/physical-therapist,daily,0.8,2021-02-03
0.8,daily,2021-02-03,https://www.schools.com/articles/how-to-market-a-liberal-arts-degree
daily,https://www.schools.com/articles/two-year-degrees-that-pay-off,0.8,2021-02-03
0.8,daily,https://www.schools.com/articles/college-prep-education,2021-02-03
https://www.schools.com/careers/paralegal,0.8,daily,2021-02-03
0.8,daily,https://www.schools.com/careers/probation-officer,2021-02-03
https://www.schools.com/careers/social-media-marketing-specialist,0.8,daily,2021-02-03
0.8,daily,2021-02-03,https://www.schools.com/programs/operations-management
0.8,daily,2021-02-03,https://www.schools.com/articles/east-coast-vs-west-coast
0.8,daily,2021-02-03,https://www.schools.com/articles/10-high-altitude-schools
0.8,daily,2021-02-03,https://www.schools.com/articles/steps-to-go-back-to-college
0.8,daily,2021-02-03,https://www.schools.com/careers/computer-engineer
0.8,daily,2021-02-03,https://www.schools.com/articles/should-you-refinance-your-student-loans
0.8,daily,2021-02-03,https://www.schools.com/careers/criminal-justice-professor
0.8,daily,2021-02-03,https://www.schools.com/community-colleges/top-community-colleges-in-california
0.8,daily,2021-02-03,https://www.schools.com/community-colleges/top-community-colleges-in-georgia
daily,https://www.schools.com/articles/choosing-a-criminal-justice-program,0.8,2021-02-03
https://www.schools.com/community-colleges/top-community-colleges-in-wisconsin,0.8,daily,2021-02-03
0.8,daily,2021-02-03,https://www.schools.com/community-colleges/top-community-colleges-in-west-virginia
0.8,daily,2021-02-03,https://www.schools.com/community-colleges/top-community-colleges-in-kansas
0.8,daily,2021-02-03,https://www.schools.com/programs/physical-therapy
daily,https://www.schools.com/programs/biology,0.8,2021-02-03
0.8,daily,https://www.schools.com/programs/entrepreneurship,2021-02-03
0.8,daily,2021-02-03,https://www.schools.com/programs/nutrition
https://www.schools.com/careers/nurse-practitioner,daily,0.8,2021-02-03
0.8,daily,2021-02-03,https://www.schools.com/community-colleges/top-community-colleges-in-texas
0.8,daily,2021-02-03,https://www.schools.com/community-colleges/top-community-colleges-in-florida
0.8,daily,https://www.schools.com/community-colleges/top-community-colleges-in-virginia,2021-02-03
0.8,daily,https://www.schools.com/financial-aid/paying-off-student-loans,2021-02-03
0.8,daily,2021-02-03,https://www.schools.com/articles/competency-based-degree
0.8,daily,2021-02-03,https://www.schools.com/research/best-colleges
0.8,daily,2021-02-03,https://www.schools.com/community-colleges/top-community-colleges-in-iowa
https://www.schools.com/careers/substance-abuse-counselor,daily,0.8,2021-02-03
0.8,daily,2021-02-03,https://www.schools.com/careers/lpn-lvn
0.8,daily,2021-02-03,https://www.schools.com/articles/new-degree-digital-curation.html
0.8,daily,2021-02-03,https://www.schools.com/careers/film-producer
https://www.schools.com/articles/are-finances-a-factor-in-college-admissions.html,0.8,daily,2021-02-03
https://www.schools.com/community-colleges/top-community-colleges-in-new-york,daily,0.8,2021-02-03
daily,https://www.schools.com/community-colleges/top-community-colleges-in-kentucky,0.8,2021-02-03
https://www.schools.com/careers/civil-engineer,0.8,daily,2021-02-03
0.8,daily,2021-02-03,https://www.schools.com/articles/benefits-of-a-masters-of-education-degree
https://www.schools.com/articles/5-reasons-class-size-matters,daily,0.8,2021-02-03
https://www.schools.com/articles/5-steps-to-choosing-the-perfect-college-major,0.8,daily,2021-02-03
https://www.schools.com/community-colleges/top-community-colleges-in-pennsylvania,0.8,daily,2021-02-03
0.8,daily,2021-02-03,https://www.schools.com/online-colleges/nunavut
0.8,daily,2021-02-03,https://www.schools.com/articles/5-underappreciated-higher-education-professionals-to-be-thankful-for
0.8,daily,2021-02-03,https://www.schools.com/articles/10-sports-colleges-for-fans-and-fanatics
0.8,daily,https://www.schools.com/programs/social-science,2021-02-03
0.8,daily,https://www.schools.com/community-colleges/top-community-colleges-in-missouri,2021-02-03
0.8,daily,2021-02-03,https://www.schools.com/careers/early-childhood-education-specialist
0.8,daily,2021-02-03,https://www.schools.com/articles/accelerated-bachelors-degree
0.8,daily,2021-02-03,https://www.schools.com/articles/4-strategies-to-rebound-from-college-rejection
https://www.schools.com/programs/english,daily,0.8,2021-02-03
0.8,daily,2021-02-03,https://www.schools.com/programs/physical-health-education
daily,https://www.schools.com/programs/economics,0.8,2021-02-03
0.8,daily,2021-02-03,https://www.schools.com/careers/career-guidance-counselor
0.8,daily,2021-02-03,https://www.schools.com/articles/8-jobs-to-help-save-the-earth
0.8,daily,2021-02-03,https://www.schools.com/articles/how-to-transfer-colleges
https://www.schools.com/articles/five-paths-to-a-career-focused-post-secondary-education.html,daily,0.8,2021-02-03
https://www.schools.com/articles/online-mba-networking-tips,daily,0.8,2021-02-03
daily,https://www.schools.com/careers/business-administration-professor,0.8,2021-02-03
https://www.schools.com/careers/occupational-therapy-aide,0.7,daily,2021-02-03
0.7,daily,2021-02-03,https://www.schools.com/careers/market-research-analyst
daily,https://www.schools.com/careers/legal-assistant,2021-02-03,0.7
https://www.schools.com/careers/entrepreneur,0.7,daily,2021-02-03
https://www.schools.com/careers/geographer,daily,2021-02-03,0.7
https://www.schools.com/careers/statistician,0.7,daily,2021-02-03
0.7,daily,2021-02-03,https://www.schools.com/articles/survey-majority-of-internships-done-by-college-class-of-2011-were-paid.html
0.7,daily,https://www.schools.com/careers/sales-manager,2021-02-03
0.7,daily,https://www.schools.com/careers/business,2021-02-03
daily,https://www.schools.com/careers/high-school-teacher,2021-02-03,0.7
0.7,daily,2021-02-03,https://www.schools.com/careers/school-counselor
https://www.schools.com/careers/sociologist,daily,2021-02-03,0.7
0.7,daily,2021-02-03,https://www.schools.com/careers/public-relations-specialist
0.7,daily,2021-02-03,https://www.schools.com/articles/the-5-cheapest-colleges-in-the-country.html
https://www.schools.com/careers/mechanical-engineer,0.7,daily,2021-02-03
0.7,daily,2021-02-03,https://www.schools.com/careers/welder
daily,https://www.schools.com/careers/veterinary-assistant,2021-02-03,0.7
daily,https://www.schools.com/careers/medical-transcriptionist,2021-02-03,0.7
0.7,daily,2021-02-03,https://www.schools.com/careers/phlebotomist
https://www.schools.com/careers/petroleum-engineer,daily,2021-02-03,0.7
0.7,daily,2021-02-03,https://www.schools.com/careers/medical-records-technician
daily,https://www.schools.com/careers/systems-engineer,2021-02-03,0.7
0.7,daily,https://www.schools.com/careers/nutritionist,2021-02-03
0.6,https://www.schools.com/careers/museum-curator,daily,2021-02-03
0.6,daily,2021-02-03,https://www.schools.com/careers/jewelry-designer
0.6,daily,https://www.schools.com/careers/marketing,2021-02-03
0.6,https://www.schools.com/careers/industrial-organizational-psychologist,daily,2021-02-03
0.6,daily,2021-02-03,https://www.schools.com/careers/surgical-technologist
0.5,daily,2021-02-03,https://www.schools.com/careers/interior-designer
0.5,daily,2021-02-03,https://www.schools.com/careers/landscape-architect
